{
  "bootstrap_resamples": 10000,
  "bootstrap_seed": 20260220,
  "overall": {
    "absolute_gain_pp": 48.841059602649004,
    "eventual_pass_ci95_high_pct": 100.0,
    "eventual_pass_ci95_low_pct": 99.36801631988921,
    "eventual_pass_count": 604,
    "eventual_pass_rate_pct": 100.0,
    "first_shot_fail_count": 295,
    "first_shot_fail_rate_pct": 48.841059602649004,
    "first_shot_pass_ci95_high_pct": 55.12542498708436,
    "first_shot_pass_ci95_low_pct": 47.17780717927067,
    "first_shot_pass_count": 309,
    "first_shot_pass_rate_pct": 51.158940397350996,
    "iterations_to_success_bootstrap_ci95_high": 1.8062913907284768,
    "iterations_to_success_bootstrap_ci95_low": 1.6523178807947019,
    "iterations_to_success_max": 8.0,
    "iterations_to_success_mean": 1.7268211920529801,
    "iterations_to_success_median": 1.0,
    "iterations_to_success_q25": 1.0,
    "iterations_to_success_q75": 2.0,
    "iterations_to_success_std": 0.9618989447519914,
    "mcnemar_b": 0,
    "mcnemar_c": 295,
    "mcnemar_pvalue": 1.1019357426556578e-65,
    "mcnemar_statistic": 293.00338983050847,
    "model": "ALL",
    "provider": "ALL",
    "recovered_count": 295,
    "relative_gain_pct": 95.46925566343042,
    "total_prompts": 604,
    "unresolved_ci95_high_pct": 0.6319836801107888,
    "unresolved_ci95_low_pct": 4.336808689942018e-17,
    "unresolved_count": 0,
    "unresolved_rate_pct": 0.0
  },
  "per_model": [
    {
      "absolute_gain_pp": 17.21854304635761,
      "eventual_pass_ci95_high_pct": 100.00000000000003,
      "eventual_pass_ci95_low_pct": 97.51910189302563,
      "eventual_pass_count": 151,
      "eventual_pass_rate_pct": 100.0,
      "first_shot_fail_count": 26,
      "first_shot_fail_rate_pct": 17.218543046357617,
      "first_shot_pass_ci95_high_pct": 87.97014406058817,
      "first_shot_pass_ci95_low_pct": 75.96622075669353,
      "first_shot_pass_count": 125,
      "first_shot_pass_rate_pct": 82.78145695364239,
      "iterations_to_success_bootstrap_ci95_high": 1.3377483443708609,
      "iterations_to_success_bootstrap_ci95_low": 1.1324503311258278,
      "iterations_to_success_max": 7.0,
      "iterations_to_success_mean": 1.2251655629139073,
      "iterations_to_success_median": 1.0,
      "iterations_to_success_q25": 1.0,
      "iterations_to_success_q75": 1.0,
      "iterations_to_success_std": 0.6446930580306008,
      "mcnemar_b": 0,
      "mcnemar_c": 26,
      "mcnemar_pvalue": 9.443043861123422e-07,
      "mcnemar_statistic": 24.03846153846154,
      "model": "claude-sonnet-4-6",
      "provider": "anthropic",
      "recovered_count": 26,
      "relative_gain_pct": 20.8,
      "total_prompts": 151,
      "unresolved_ci95_high_pct": 2.480898106974388,
      "unresolved_ci95_low_pct": 1.734723475976807e-16,
      "unresolved_count": 0,
      "unresolved_rate_pct": 0.0
    },
    {
      "absolute_gain_pp": 58.94039735099338,
      "eventual_pass_ci95_high_pct": 100.00000000000003,
      "eventual_pass_ci95_low_pct": 97.51910189302563,
      "eventual_pass_count": 151,
      "eventual_pass_rate_pct": 100.0,
      "first_shot_fail_count": 89,
      "first_shot_fail_rate_pct": 58.94039735099338,
      "first_shot_pass_ci95_high_pct": 49.03309168021179,
      "first_shot_pass_ci95_low_pct": 33.52971791507503,
      "first_shot_pass_count": 62,
      "first_shot_pass_rate_pct": 41.05960264900662,
      "iterations_to_success_bootstrap_ci95_high": 2.1589403973509933,
      "iterations_to_success_bootstrap_ci95_low": 1.8013245033112584,
      "iterations_to_success_max": 8.0,
      "iterations_to_success_mean": 1.9735099337748345,
      "iterations_to_success_median": 2.0,
      "iterations_to_success_q25": 1.0,
      "iterations_to_success_q75": 2.0,
      "iterations_to_success_std": 1.1310586183898674,
      "mcnemar_b": 0,
      "mcnemar_c": 89,
      "mcnemar_pvalue": 1.0790640155877607e-20,
      "mcnemar_statistic": 87.01123595505618,
      "model": "deepseek-reasoner",
      "provider": "deepseek_reasoner",
      "recovered_count": 89,
      "relative_gain_pct": 143.5483870967742,
      "total_prompts": 151,
      "unresolved_ci95_high_pct": 2.480898106974388,
      "unresolved_ci95_low_pct": 1.734723475976807e-16,
      "unresolved_count": 0,
      "unresolved_rate_pct": 0.0
    },
    {
      "absolute_gain_pp": 60.9271523178808,
      "eventual_pass_ci95_high_pct": 100.00000000000003,
      "eventual_pass_ci95_low_pct": 97.51910189302563,
      "eventual_pass_count": 151,
      "eventual_pass_rate_pct": 100.0,
      "first_shot_fail_count": 92,
      "first_shot_fail_rate_pct": 60.9271523178808,
      "first_shot_pass_ci95_high_pct": 47.0337821738891,
      "first_shot_pass_ci95_low_pct": 31.654096220350343,
      "first_shot_pass_count": 59,
      "first_shot_pass_rate_pct": 39.0728476821192,
      "iterations_to_success_bootstrap_ci95_high": 2.1456953642384105,
      "iterations_to_success_bootstrap_ci95_low": 1.814569536423841,
      "iterations_to_success_max": 5.0,
      "iterations_to_success_mean": 1.9801324503311257,
      "iterations_to_success_median": 2.0,
      "iterations_to_success_q25": 1.0,
      "iterations_to_success_q75": 2.0,
      "iterations_to_success_std": 1.04224244572618,
      "mcnemar_b": 0,
      "mcnemar_c": 92,
      "mcnemar_pvalue": 2.3685517847462328e-21,
      "mcnemar_statistic": 90.01086956521739,
      "model": "mistral-large-latest",
      "provider": "mistral_large",
      "recovered_count": 92,
      "relative_gain_pct": 155.9322033898305,
      "total_prompts": 151,
      "unresolved_ci95_high_pct": 2.480898106974388,
      "unresolved_ci95_low_pct": 1.734723475976807e-16,
      "unresolved_count": 0,
      "unresolved_rate_pct": 0.0
    },
    {
      "absolute_gain_pp": 58.27814569536424,
      "eventual_pass_ci95_high_pct": 100.00000000000003,
      "eventual_pass_ci95_low_pct": 97.51910189302563,
      "eventual_pass_count": 151,
      "eventual_pass_rate_pct": 100.0,
      "first_shot_fail_count": 88,
      "first_shot_fail_rate_pct": 58.27814569536424,
      "first_shot_pass_ci95_high_pct": 49.696687917616664,
      "first_shot_pass_ci95_low_pct": 34.157765411352614,
      "first_shot_pass_count": 63,
      "first_shot_pass_rate_pct": 41.72185430463576,
      "iterations_to_success_bootstrap_ci95_high": 1.8476821192052981,
      "iterations_to_success_bootstrap_ci95_low": 1.6158940397350994,
      "iterations_to_success_max": 5.0,
      "iterations_to_success_mean": 1.728476821192053,
      "iterations_to_success_median": 2.0,
      "iterations_to_success_q25": 1.0,
      "iterations_to_success_q75": 2.0,
      "iterations_to_success_std": 0.7477412639359249,
      "mcnemar_b": 0,
      "mcnemar_c": 88,
      "mcnemar_pvalue": 1.7890461743444834e-20,
      "mcnemar_statistic": 86.01136363636364,
      "model": "openai",
      "provider": "openai",
      "recovered_count": 88,
      "relative_gain_pct": 139.68253968253967,
      "total_prompts": 151,
      "unresolved_ci95_high_pct": 2.480898106974388,
      "unresolved_ci95_low_pct": 1.734723475976807e-16,
      "unresolved_count": 0,
      "unresolved_rate_pct": 0.0
    }
  ]
}