{
    "1": {
        "precision": 0.6475040580857555,
        "recall": 0.6967307978172453,
        "count": 37
    },
    "2": {
        "precision": 0.6287493744561863,
        "recall": 0.6903917572898787,
        "count": 46
    },
    "3": {
        "precision": 0.6624824080690975,
        "recall": 0.7816572329476305,
        "count": 11
    },
    "4": {
        "precision": 0.629082284254698,
        "recall": 0.7759016577060932,
        "count": 4
    },
    "5": {
        "precision": 0.5546757164404224,
        "recall": 0.5467171717171717,
        "count": 4
    }
}