n_points,linear_slope,linear_intercept,linear_r2,x_min,x_max,y_min,y_max
604,0.0006175626443734439,1.6889095938895313,0.001113750305440253,10.0,794.0,1.0,8.0
